service_code,canonical_codes,status
CHICKEN,chicken,SUPPORTED
BEEF,beef,SUPPORTED
PORK,pork,SUPPORTED
LAMB,lamb,SUPPORTED
DUCK,duck,SUPPORTED
TURKEY,turkey,SUPPORTED
RABBIT,rabbit,SUPPORTED
VENISON,venison,SUPPORTED
GOAT,goat,SUPPORTED
INSECT,insect,SUPPORTED
KANGAROO,kangaroo,SUPPORTED
FISH,fish,SUPPORTED
SALMON,salmon,SUPPORTED
TUNA,tuna,SUPPORTED
ANCHOVY,anchovy,SUPPORTED
CRUSTACEAN,shellfish,SUPPORTED
BONITO,bonito,SUPPORTED
DAIRY,dairy,SUPPORTED
EGG,egg,SUPPORTED
CHEESE,dairy,SUPPORTED
WHEY,dairy,SUPPORTED
CHOCOLATE,SERVICE_CODE:CHOCOLATE,TOXIC_NAMESPACE
GRAPE_RAISIN,SERVICE_CODE:GRAPE_RAISIN,TOXIC_NAMESPACE
ONION,SERVICE_CODE:ONION,TOXIC_NAMESPACE
GARLIC,SERVICE_CODE:GARLIC,TOXIC_NAMESPACE
WHEAT_GLUTEN,wheat,SUPPORTED
CORN,corn,SUPPORTED
RICE,rice,SUPPORTED
OAT_BARLEY,barley|oat,SUPPORTED
SOY,soy,SUPPORTED
LENTIL,lentil,SUPPORTED
PEA,pea,SUPPORTED
CHICKPEA,chickpea,SUPPORTED
POTATO,potato,SUPPORTED
YEAST,yeast,SUPPORTED
SWEET_POTATO,potato,SUPPORTED
TAPIOCA,potato,SUPPORTED
OTHER,SERVICE_CODE:OTHER,UNRESOLVED_FREE_TEXT
